{
  "accuracy": [
    0.6764546036720276,
    0.6802610158920288,
    0.6971179842948914,
    0.703643262386322,
    0.7101685404777527
  ],
  "loss": [
    1.03975510597229,
    0.9515721797943115,
    0.9192700982093811,
    0.8772386908531189,
    0.8349476456642151
  ],
  "val_accuracy": [
    0.7385786771774292,
    0.7335025668144226,
    0.7233502268791199,
    0.7182741165161133,
    0.720812201499939
  ],
  "val_loss": [
    0.7773611545562744,
    0.859039306640625,
    0.9359427690505981,
    0.934187114238739,
    0.9473541378974915
  ],
  "learning_rate": [
    9.999999747378752e-06,
    9.999999747378752e-06,
    9.999999747378752e-06,
    4.999999873689376e-06,
    4.999999873689376e-06
  ]
}