{
  "accuracy": [
    0.5405111312866211,
    0.6769983768463135,
    0.6818923354148865,
    0.6878738403320312,
    0.6965742111206055,
    0.6933115720748901,
    0.6916802525520325,
    0.7003806233406067,
    0.7134312391281128,
    0.7096247673034668,
    0.7058183550834656,
    0.7215878367424011,
    0.7281131148338318,
    0.7183251976966858,
    0.7476889491081238
  ],
  "loss": [
    1.5484153032302856,
    1.1394275426864624,
    1.0447702407836914,
    0.9846630692481995,
    0.9402327537536621,
    0.9067633748054504,
    0.9032768607139587,
    0.8811442852020264,
    0.8541173934936523,
    0.8650586009025574,
    0.836150050163269,
    0.8045568466186523,
    0.7886549234390259,
    0.7779091596603394,
    0.7545356750488281
  ],
  "val_accuracy": [
    0.6903553009033203,
    0.6979695558547974,
    0.7055837512016296,
    0.7055837512016296,
    0.710659921169281,
    0.7157360315322876,
    0.7233502268791199,
    0.7284263968467712,
    0.7335025668144226,
    0.7411167621612549,
    0.7436548471450806,
    0.7487309575080872,
    0.7461928725242615,
    0.7461928725242615,
    0.7588832378387451
  ],
  "val_loss": [
    1.0386406183242798,
    0.9617588520050049,
    0.9161338806152344,
    0.8726893663406372,
    0.8498694896697998,
    0.8256117105484009,
    0.8167693018913269,
    0.8061457872390747,
    0.8005151748657227,
    0.7849429249763489,
    0.7751947641372681,
    0.7730645537376404,
    0.768208920955658,
    0.7554094195365906,
    0.7475638389587402
  ],
  "learning_rate": [
    9.999999747378752e-05,
    9.999999747378752e-05,
    9.999999747378752e-05,
    9.999999747378752e-05,
    9.999999747378752e-05,
    9.999999747378752e-05,
    9.999999747378752e-05,
    9.999999747378752e-05,
    9.999999747378752e-05,
    9.999999747378752e-05,
    9.999999747378752e-05,
    9.999999747378752e-05,
    9.999999747378752e-05,
    9.999999747378752e-05,
    9.999999747378752e-05
  ]
}